{
  "name": "root",
  "total": 35.6792433,
  "count": 1,
  "self": 35.6792433
}