{
  "name": "root",
  "total": 29.625064599999998,
  "count": 1,
  "self": 29.625064599999998
}