{
  "name": "root",
  "total": 202.6773354,
  "count": 1,
  "self": 202.6773354
}